Country or Area,Subgroup,Year,Source,Unit,Value,Value Footnotes
Afghanistan,Total,2011,"UN_Inter-agency Group for Child Mortality Estimation (UNICEF, World Health Organization, United Nations Population Division and the World Bank)",Deaths per 1000 live births,73,
Albania,Total,2011,"UN_Inter-agency Group for Child Mortality Estimation (UNICEF, World Health Organization, United Nations Population Division and the World Bank)",Deaths per 1000 live births,13,
Algeria,Total,2011,"UN_Inter-agency Group for Child Mortality Estimation (UNICEF, World Health Organization, United Nations Population Division and the World Bank)",Deaths per 1000 live births,26,
Andorra,Total,2011,"UN_Inter-agency Group for Child Mortality Estimation (UNICEF, World Health Organization, United Nations Population Division and the World Bank)",Deaths per 1000 live births,3,
Angola,Total,2011,"UN_Inter-agency Group for Child Mortality Estimation (UNICEF, World Health Organization, United Nations Population Division and the World Bank)",Deaths per 1000 live births,96,
Antigua and Barbuda,Total,2011,"UN_Inter-agency Group for Child Mortality Estimation (UNICEF, World Health Organization, United Nations Population Division and the World Bank)",Deaths per 1000 live births,6,
Argentina,Total,2011,"UN_Inter-agency Group for Child Mortality Estimation (UNICEF, World Health Organization, United Nations Population Division and the World Bank)",Deaths per 1000 live births,13,
Armenia,Total,2011,"UN_Inter-agency Group for Child Mortality Estimation (UNICEF, World Health Organization, United Nations Population Division and the World Bank)",Deaths per 1000 live births,16,
Australia,Total,2011,"UN_Inter-agency Group for Child Mortality Estimation (UNICEF, World Health Organization, United Nations Population Division and the World Bank)",Deaths per 1000 live births,4,
Austria,Total,2011,"UN_Inter-agency Group for Child Mortality Estimation (UNICEF, World Health Organization, United Nations Population Division and the World Bank)",Deaths per 1000 live births,4,
Azerbaijan,Total,2011,"UN_Inter-agency Group for Child Mortality Estimation (UNICEF, World Health Organization, United Nations Population Division and the World Bank)",Deaths per 1000 live births,39,
Bahamas,Total,2011,"UN_Inter-agency Group for Child Mortality Estimation (UNICEF, World Health Organization, United Nations Population Division and the World Bank)",Deaths per 1000 live births,14,
Bahrain,Total,2011,"UN_Inter-agency Group for Child Mortality Estimation (UNICEF, World Health Organization, United Nations Population Division and the World Bank)",Deaths per 1000 live births,9,
Bangladesh,Total,2011,"UN_Inter-agency Group for Child Mortality Estimation (UNICEF, World Health Organization, United Nations Population Division and the World Bank)",Deaths per 1000 live births,37,
Barbados,Total,2011,"UN_Inter-agency Group for Child Mortality Estimation (UNICEF, World Health Organization, United Nations Population Division and the World Bank)",Deaths per 1000 live births,18,
Belarus,Total,2011,"UN_Inter-agency Group for Child Mortality Estimation (UNICEF, World Health Organization, United Nations Population Division and the World Bank)",Deaths per 1000 live births,4,
Belgium,Total,2011,"UN_Inter-agency Group for Child Mortality Estimation (UNICEF, World Health Organization, United Nations Population Division and the World Bank)",Deaths per 1000 live births,4,
Belize,Total,2011,"UN_Inter-agency Group for Child Mortality Estimation (UNICEF, World Health Organization, United Nations Population Division and the World Bank)",Deaths per 1000 live births,15,
Benin,Total,2011,"UN_Inter-agency Group for Child Mortality Estimation (UNICEF, World Health Organization, United Nations Population Division and the World Bank)",Deaths per 1000 live births,68,
Bhutan,Total,2011,"UN_Inter-agency Group for Child Mortality Estimation (UNICEF, World Health Organization, United Nations Population Division and the World Bank)",Deaths per 1000 live births,42,
Bolivia (Plurinational State of),Total,2011,"UN_Inter-agency Group for Child Mortality Estimation (UNICEF, World Health Organization, United Nations Population Division and the World Bank)",Deaths per 1000 live births,39,
Bosnia and Herzegovina,Total,2011,"UN_Inter-agency Group for Child Mortality Estimation (UNICEF, World Health Organization, United Nations Population Division and the World Bank)",Deaths per 1000 live births,7,
Botswana,Total,2011,"UN_Inter-agency Group for Child Mortality Estimation (UNICEF, World Health Organization, United Nations Population Division and the World Bank)",Deaths per 1000 live births,20,
Brazil,Total,2011,"UN_Inter-agency Group for Child Mortality Estimation (UNICEF, World Health Organization, United Nations Population Division and the World Bank)",Deaths per 1000 live births,14,
Brunei Darussalam,Total,2011,"UN_Inter-agency Group for Child Mortality Estimation (UNICEF, World Health Organization, United Nations Population Division and the World Bank)",Deaths per 1000 live births,6,
Bulgaria,Total,2011,"UN_Inter-agency Group for Child Mortality Estimation (UNICEF, World Health Organization, United Nations Population Division and the World Bank)",Deaths per 1000 live births,11,
Burkina Faso,Total,2011,"UN_Inter-agency Group for Child Mortality Estimation (UNICEF, World Health Organization, United Nations Population Division and the World Bank)",Deaths per 1000 live births,82,
Burundi,Total,2011,"UN_Inter-agency Group for Child Mortality Estimation (UNICEF, World Health Organization, United Nations Population Division and the World Bank)",Deaths per 1000 live births,86,
Cambodia,Total,2011,"UN_Inter-agency Group for Child Mortality Estimation (UNICEF, World Health Organization, United Nations Population Division and the World Bank)",Deaths per 1000 live births,36,
Cameroon,Total,2011,"UN_Inter-agency Group for Child Mortality Estimation (UNICEF, World Health Organization, United Nations Population Division and the World Bank)",Deaths per 1000 live births,79,
Canada,Total,2011,"UN_Inter-agency Group for Child Mortality Estimation (UNICEF, World Health Organization, United Nations Population Division and the World Bank)",Deaths per 1000 live births,5,
Cape Verde,Total,2011,"UN_Inter-agency Group for Child Mortality Estimation (UNICEF, World Health Organization, United Nations Population Division and the World Bank)",Deaths per 1000 live births,18,
CEE/CIS,Total,2011,"UN_Inter-agency Group for Child Mortality Estimation (UNICEF, World Health Organization, United Nations Population Division and the World Bank)",Deaths per 1000 live births,18,1
Central African Republic,Total,2011,"UN_Inter-agency Group for Child Mortality Estimation (UNICEF, World Health Organization, United Nations Population Division and the World Bank)",Deaths per 1000 live births,108,
Chad,Total,2011,"UN_Inter-agency Group for Child Mortality Estimation (UNICEF, World Health Organization, United Nations Population Division and the World Bank)",Deaths per 1000 live births,97,
Chile,Total,2011,"UN_Inter-agency Group for Child Mortality Estimation (UNICEF, World Health Organization, United Nations Population Division and the World Bank)",Deaths per 1000 live births,8,
China,Total,2011,"UN_Inter-agency Group for Child Mortality Estimation (UNICEF, World Health Organization, United Nations Population Division and the World Bank)",Deaths per 1000 live births,13,
Colombia,Total,2011,"UN_Inter-agency Group for Child Mortality Estimation (UNICEF, World Health Organization, United Nations Population Division and the World Bank)",Deaths per 1000 live births,15,
Comoros,Total,2011,"UN_Inter-agency Group for Child Mortality Estimation (UNICEF, World Health Organization, United Nations Population Division and the World Bank)",Deaths per 1000 live births,59,
Congo,Total,2011,"UN_Inter-agency Group for Child Mortality Estimation (UNICEF, World Health Organization, United Nations Population Division and the World Bank)",Deaths per 1000 live births,64,
Cook Islands,Total,2011,"UN_Inter-agency Group for Child Mortality Estimation (UNICEF, World Health Organization, United Nations Population Division and the World Bank)",Deaths per 1000 live births,8,
Costa Rica,Total,2011,"UN_Inter-agency Group for Child Mortality Estimation (UNICEF, World Health Organization, United Nations Population Division and the World Bank)",Deaths per 1000 live births,9,
CÌ«te d'Ivoire,Total,2011,"UN_Inter-agency Group for Child Mortality Estimation (UNICEF, World Health Organization, United Nations Population Division and the World Bank)",Deaths per 1000 live births,81,
Croatia,Total,2011,"UN_Inter-agency Group for Child Mortality Estimation (UNICEF, World Health Organization, United Nations Population Division and the World Bank)",Deaths per 1000 live births,4,
Cuba,Total,2011,"UN_Inter-agency Group for Child Mortality Estimation (UNICEF, World Health Organization, United Nations Population Division and the World Bank)",Deaths per 1000 live births,5,
Cyprus,Total,2011,"UN_Inter-agency Group for Child Mortality Estimation (UNICEF, World Health Organization, United Nations Population Division and the World Bank)",Deaths per 1000 live births,3,
Czech Republic,Total,2011,"UN_Inter-agency Group for Child Mortality Estimation (UNICEF, World Health Organization, United Nations Population Division and the World Bank)",Deaths per 1000 live births,3,
Democratic People's Republic of Korea,Total,2011,"UN_Inter-agency Group for Child Mortality Estimation (UNICEF, World Health Organization, United Nations Population Division and the World Bank)",Deaths per 1000 live births,26,
Democratic Republic of the Congo,Total,2011,"UN_Inter-agency Group for Child Mortality Estimation (UNICEF, World Health Organization, United Nations Population Division and the World Bank)",Deaths per 1000 live births,111,
Denmark,Total,2011,"UN_Inter-agency Group for Child Mortality Estimation (UNICEF, World Health Organization, United Nations Population Division and the World Bank)",Deaths per 1000 live births,3,
Djibouti,Total,2011,"UN_Inter-agency Group for Child Mortality Estimation (UNICEF, World Health Organization, United Nations Population Division and the World Bank)",Deaths per 1000 live births,72,
Dominica,Total,2011,"UN_Inter-agency Group for Child Mortality Estimation (UNICEF, World Health Organization, United Nations Population Division and the World Bank)",Deaths per 1000 live births,11,
Dominican Republic,Total,2011,"UN_Inter-agency Group for Child Mortality Estimation (UNICEF, World Health Organization, United Nations Population Division and the World Bank)",Deaths per 1000 live births,21,
East Asia and Pacific,Total,2011,"UN_Inter-agency Group for Child Mortality Estimation (UNICEF, World Health Organization, United Nations Population Division and the World Bank)",Deaths per 1000 live births,17,1
Eastern and Southern Africa,Total,2011,"UN_Inter-agency Group for Child Mortality Estimation (UNICEF, World Health Organization, United Nations Population Division and the World Bank)",Deaths per 1000 live births,55,1
Ecuador,Total,2011,"UN_Inter-agency Group for Child Mortality Estimation (UNICEF, World Health Organization, United Nations Population Division and the World Bank)",Deaths per 1000 live births,20,
Egypt,Total,2011,"UN_Inter-agency Group for Child Mortality Estimation (UNICEF, World Health Organization, United Nations Population Division and the World Bank)",Deaths per 1000 live births,18,
El Salvador,Total,2011,"UN_Inter-agency Group for Child Mortality Estimation (UNICEF, World Health Organization, United Nations Population Division and the World Bank)",Deaths per 1000 live births,13,
Equatorial Guinea,Total,2011,"UN_Inter-agency Group for Child Mortality Estimation (UNICEF, World Health Organization, United Nations Population Division and the World Bank)",Deaths per 1000 live births,80,
Eritrea,Total,2011,"UN_Inter-agency Group for Child Mortality Estimation (UNICEF, World Health Organization, United Nations Population Division and the World Bank)",Deaths per 1000 live births,46,
Estonia,Total,2011,"UN_Inter-agency Group for Child Mortality Estimation (UNICEF, World Health Organization, United Nations Population Division and the World Bank)",Deaths per 1000 live births,3,
Ethiopia,Total,2011,"UN_Inter-agency Group for Child Mortality Estimation (UNICEF, World Health Organization, United Nations Population Division and the World Bank)",Deaths per 1000 live births,52,
Fiji,Total,2011,"UN_Inter-agency Group for Child Mortality Estimation (UNICEF, World Health Organization, United Nations Population Division and the World Bank)",Deaths per 1000 live births,14,
Finland,Total,2011,"UN_Inter-agency Group for Child Mortality Estimation (UNICEF, World Health Organization, United Nations Population Division and the World Bank)",Deaths per 1000 live births,2,
France,Total,2011,"UN_Inter-agency Group for Child Mortality Estimation (UNICEF, World Health Organization, United Nations Population Division and the World Bank)",Deaths per 1000 live births,3,
Gabon,Total,2011,"UN_Inter-agency Group for Child Mortality Estimation (UNICEF, World Health Organization, United Nations Population Division and the World Bank)",Deaths per 1000 live births,49,
Gambia,Total,2011,"UN_Inter-agency Group for Child Mortality Estimation (UNICEF, World Health Organization, United Nations Population Division and the World Bank)",Deaths per 1000 live births,58,
Georgia,Total,2011,"UN_Inter-agency Group for Child Mortality Estimation (UNICEF, World Health Organization, United Nations Population Division and the World Bank)",Deaths per 1000 live births,18,
Germany,Total,2011,"UN_Inter-agency Group for Child Mortality Estimation (UNICEF, World Health Organization, United Nations Population Division and the World Bank)",Deaths per 1000 live births,3,
Ghana,Total,2011,"UN_Inter-agency Group for Child Mortality Estimation (UNICEF, World Health Organization, United Nations Population Division and the World Bank)",Deaths per 1000 live births,52,
Greece,Total,2011,"UN_Inter-agency Group for Child Mortality Estimation (UNICEF, World Health Organization, United Nations Population Division and the World Bank)",Deaths per 1000 live births,4,
Grenada,Total,2011,"UN_Inter-agency Group for Child Mortality Estimation (UNICEF, World Health Organization, United Nations Population Division and the World Bank)",Deaths per 1000 live births,10,
Guatemala,Total,2011,"UN_Inter-agency Group for Child Mortality Estimation (UNICEF, World Health Organization, United Nations Population Division and the World Bank)",Deaths per 1000 live births,24,
Guinea,Total,2011,"UN_Inter-agency Group for Child Mortality Estimation (UNICEF, World Health Organization, United Nations Population Division and the World Bank)",Deaths per 1000 live births,79,
Guinea-Bissau,Total,2011,"UN_Inter-agency Group for Child Mortality Estimation (UNICEF, World Health Organization, United Nations Population Division and the World Bank)",Deaths per 1000 live births,98,
Guyana,Total,2011,"UN_Inter-agency Group for Child Mortality Estimation (UNICEF, World Health Organization, United Nations Population Division and the World Bank)",Deaths per 1000 live births,29,
Haiti,Total,2011,"UN_Inter-agency Group for Child Mortality Estimation (UNICEF, World Health Organization, United Nations Population Division and the World Bank)",Deaths per 1000 live births,53,
Honduras,Total,2011,"UN_Inter-agency Group for Child Mortality Estimation (UNICEF, World Health Organization, United Nations Population Division and the World Bank)",Deaths per 1000 live births,18,
Hungary,Total,2011,"UN_Inter-agency Group for Child Mortality Estimation (UNICEF, World Health Organization, United Nations Population Division and the World Bank)",Deaths per 1000 live births,5,
Iceland,Total,2011,"UN_Inter-agency Group for Child Mortality Estimation (UNICEF, World Health Organization, United Nations Population Division and the World Bank)",Deaths per 1000 live births,2,
India,Total,2011,"UN_Inter-agency Group for Child Mortality Estimation (UNICEF, World Health Organization, United Nations Population Division and the World Bank)",Deaths per 1000 live births,47,
Indonesia,Total,2011,"UN_Inter-agency Group for Child Mortality Estimation (UNICEF, World Health Organization, United Nations Population Division and the World Bank)",Deaths per 1000 live births,25,
Iran (Islamic Republic of),Total,2011,"UN_Inter-agency Group for Child Mortality Estimation (UNICEF, World Health Organization, United Nations Population Division and the World Bank)",Deaths per 1000 live births,21,
Iraq,Total,2011,"UN_Inter-agency Group for Child Mortality Estimation (UNICEF, World Health Organization, United Nations Population Division and the World Bank)",Deaths per 1000 live births,31,
Ireland,Total,2011,"UN_Inter-agency Group for Child Mortality Estimation (UNICEF, World Health Organization, United Nations Population Division and the World Bank)",Deaths per 1000 live births,3,
Israel,Total,2011,"UN_Inter-agency Group for Child Mortality Estimation (UNICEF, World Health Organization, United Nations Population Division and the World Bank)",Deaths per 1000 live births,4,
Italy,Total,2011,"UN_Inter-agency Group for Child Mortality Estimation (UNICEF, World Health Organization, United Nations Population Division and the World Bank)",Deaths per 1000 live births,3,
Jamaica,Total,2011,"UN_Inter-agency Group for Child Mortality Estimation (UNICEF, World Health Organization, United Nations Population Division and the World Bank)",Deaths per 1000 live births,16,
Japan,Total,2011,"UN_Inter-agency Group for Child Mortality Estimation (UNICEF, World Health Organization, United Nations Population Division and the World Bank)",Deaths per 1000 live births,2,
Jordan,Total,2011,"UN_Inter-agency Group for Child Mortality Estimation (UNICEF, World Health Organization, United Nations Population Division and the World Bank)",Deaths per 1000 live births,18,
Kazakhstan,Total,2011,"UN_Inter-agency Group for Child Mortality Estimation (UNICEF, World Health Organization, United Nations Population Division and the World Bank)",Deaths per 1000 live births,25,
Kenya,Total,2011,"UN_Inter-agency Group for Child Mortality Estimation (UNICEF, World Health Organization, United Nations Population Division and the World Bank)",Deaths per 1000 live births,48,
Kiribati,Total,2011,"UN_Inter-agency Group for Child Mortality Estimation (UNICEF, World Health Organization, United Nations Population Division and the World Bank)",Deaths per 1000 live births,38,
Kuwait,Total,2011,"UN_Inter-agency Group for Child Mortality Estimation (UNICEF, World Health Organization, United Nations Population Division and the World Bank)",Deaths per 1000 live births,9,
Kyrgyzstan,Total,2011,"UN_Inter-agency Group for Child Mortality Estimation (UNICEF, World Health Organization, United Nations Population Division and the World Bank)",Deaths per 1000 live births,27,
Lao People's Democratic Republic,Total,2011,"UN_Inter-agency Group for Child Mortality Estimation (UNICEF, World Health Organization, United Nations Population Division and the World Bank)",Deaths per 1000 live births,34,
Latin America and Caribbean,Total,2011,"UN_Inter-agency Group for Child Mortality Estimation (UNICEF, World Health Organization, United Nations Population Division and the World Bank)",Deaths per 1000 live births,16,1
Latvia,Total,2011,"UN_Inter-agency Group for Child Mortality Estimation (UNICEF, World Health Organization, United Nations Population Division and the World Bank)",Deaths per 1000 live births,7,
Least Developed Countries/Territories,Total,2011,"UN_Inter-agency Group for Child Mortality Estimation (UNICEF, World Health Organization, United Nations Population Division and the World Bank)",Deaths per 1000 live births,65,1
Lebanon,Total,2011,"UN_Inter-agency Group for Child Mortality Estimation (UNICEF, World Health Organization, United Nations Population Division and the World Bank)",Deaths per 1000 live births,8,
Lesotho,Total,2011,"UN_Inter-agency Group for Child Mortality Estimation (UNICEF, World Health Organization, United Nations Population Division and the World Bank)",Deaths per 1000 live births,63,
Liberia,Total,2011,"UN_Inter-agency Group for Child Mortality Estimation (UNICEF, World Health Organization, United Nations Population Division and the World Bank)",Deaths per 1000 live births,58,
Libya,Total,2011,"UN_Inter-agency Group for Child Mortality Estimation (UNICEF, World Health Organization, United Nations Population Division and the World Bank)",Deaths per 1000 live births,13,
Lithuania,Total,2011,"UN_Inter-agency Group for Child Mortality Estimation (UNICEF, World Health Organization, United Nations Population Division and the World Bank)",Deaths per 1000 live births,5,
Luxembourg,Total,2011,"UN_Inter-agency Group for Child Mortality Estimation (UNICEF, World Health Organization, United Nations Population Division and the World Bank)",Deaths per 1000 live births,2,
Madagascar,Total,2011,"UN_Inter-agency Group for Child Mortality Estimation (UNICEF, World Health Organization, United Nations Population Division and the World Bank)",Deaths per 1000 live births,43,
Malawi,Total,2011,"UN_Inter-agency Group for Child Mortality Estimation (UNICEF, World Health Organization, United Nations Population Division and the World Bank)",Deaths per 1000 live births,53,
Malaysia,Total,2011,"UN_Inter-agency Group for Child Mortality Estimation (UNICEF, World Health Organization, United Nations Population Division and the World Bank)",Deaths per 1000 live births,6,
Maldives,Total,2011,"UN_Inter-agency Group for Child Mortality Estimation (UNICEF, World Health Organization, United Nations Population Division and the World Bank)",Deaths per 1000 live births,9,
Mali,Total,2011,"UN_Inter-agency Group for Child Mortality Estimation (UNICEF, World Health Organization, United Nations Population Division and the World Bank)",Deaths per 1000 live births,98,
Malta,Total,2011,"UN_Inter-agency Group for Child Mortality Estimation (UNICEF, World Health Organization, United Nations Population Division and the World Bank)",Deaths per 1000 live births,5,
Marshall Islands,Total,2011,"UN_Inter-agency Group for Child Mortality Estimation (UNICEF, World Health Organization, United Nations Population Division and the World Bank)",Deaths per 1000 live births,22,
Mauritania,Total,2011,"UN_Inter-agency Group for Child Mortality Estimation (UNICEF, World Health Organization, United Nations Population Division and the World Bank)",Deaths per 1000 live births,76,
Mauritius,Total,2011,"UN_Inter-agency Group for Child Mortality Estimation (UNICEF, World Health Organization, United Nations Population Division and the World Bank)",Deaths per 1000 live births,13,
Mexico,Total,2011,"UN_Inter-agency Group for Child Mortality Estimation (UNICEF, World Health Organization, United Nations Population Division and the World Bank)",Deaths per 1000 live births,13,
Micronesia (Federated States of),Total,2011,"UN_Inter-agency Group for Child Mortality Estimation (UNICEF, World Health Organization, United Nations Population Division and the World Bank)",Deaths per 1000 live births,34,
Middle East and North Africa,Total,2011,"UN_Inter-agency Group for Child Mortality Estimation (UNICEF, World Health Organization, United Nations Population Division and the World Bank)",Deaths per 1000 live births,28,1
Monaco,Total,2011,"UN_Inter-agency Group for Child Mortality Estimation (UNICEF, World Health Organization, United Nations Population Division and the World Bank)",Deaths per 1000 live births,3,
Mongolia,Total,2011,"UN_Inter-agency Group for Child Mortality Estimation (UNICEF, World Health Organization, United Nations Population Division and the World Bank)",Deaths per 1000 live births,26,
Montenegro,Total,2011,"UN_Inter-agency Group for Child Mortality Estimation (UNICEF, World Health Organization, United Nations Population Division and the World Bank)",Deaths per 1000 live births,7,
Morocco,Total,2011,"UN_Inter-agency Group for Child Mortality Estimation (UNICEF, World Health Organization, United Nations Population Division and the World Bank)",Deaths per 1000 live births,28,
Mozambique,Total,2011,"UN_Inter-agency Group for Child Mortality Estimation (UNICEF, World Health Organization, United Nations Population Division and the World Bank)",Deaths per 1000 live births,72,
Myanmar,Total,2011,"UN_Inter-agency Group for Child Mortality Estimation (UNICEF, World Health Organization, United Nations Population Division and the World Bank)",Deaths per 1000 live births,48,
Namibia,Total,2011,"UN_Inter-agency Group for Child Mortality Estimation (UNICEF, World Health Organization, United Nations Population Division and the World Bank)",Deaths per 1000 live births,30,
Nauru,Total,2011,"UN_Inter-agency Group for Child Mortality Estimation (UNICEF, World Health Organization, United Nations Population Division and the World Bank)",Deaths per 1000 live births,32,
Nepal,Total,2011,"UN_Inter-agency Group for Child Mortality Estimation (UNICEF, World Health Organization, United Nations Population Division and the World Bank)",Deaths per 1000 live births,39,
Netherlands,Total,2011,"UN_Inter-agency Group for Child Mortality Estimation (UNICEF, World Health Organization, United Nations Population Division and the World Bank)",Deaths per 1000 live births,3,
New Zealand,Total,2011,"UN_Inter-agency Group for Child Mortality Estimation (UNICEF, World Health Organization, United Nations Population Division and the World Bank)",Deaths per 1000 live births,5,
Nicaragua,Total,2011,"UN_Inter-agency Group for Child Mortality Estimation (UNICEF, World Health Organization, United Nations Population Division and the World Bank)",Deaths per 1000 live births,22,
Niger,Total,2011,"UN_Inter-agency Group for Child Mortality Estimation (UNICEF, World Health Organization, United Nations Population Division and the World Bank)",Deaths per 1000 live births,66,
Nigeria,Total,2011,"UN_Inter-agency Group for Child Mortality Estimation (UNICEF, World Health Organization, United Nations Population Division and the World Bank)",Deaths per 1000 live births,78,
Niue,Total,2011,"UN_Inter-agency Group for Child Mortality Estimation (UNICEF, World Health Organization, United Nations Population Division and the World Bank)",Deaths per 1000 live births,18,
Norway,Total,2011,"UN_Inter-agency Group for Child Mortality Estimation (UNICEF, World Health Organization, United Nations Population Division and the World Bank)",Deaths per 1000 live births,3,
Oman,Total,2011,"UN_Inter-agency Group for Child Mortality Estimation (UNICEF, World Health Organization, United Nations Population Division and the World Bank)",Deaths per 1000 live births,7,
Pakistan,Total,2011,"UN_Inter-agency Group for Child Mortality Estimation (UNICEF, World Health Organization, United Nations Population Division and the World Bank)",Deaths per 1000 live births,59,
Palau,Total,2011,"UN_Inter-agency Group for Child Mortality Estimation (UNICEF, World Health Organization, United Nations Population Division and the World Bank)",Deaths per 1000 live births,14,
Panama,Total,2011,"UN_Inter-agency Group for Child Mortality Estimation (UNICEF, World Health Organization, United Nations Population Division and the World Bank)",Deaths per 1000 live births,17,
Papua New Guinea,Total,2011,"UN_Inter-agency Group for Child Mortality Estimation (UNICEF, World Health Organization, United Nations Population Division and the World Bank)",Deaths per 1000 live births,45,
Paraguay,Total,2011,"UN_Inter-agency Group for Child Mortality Estimation (UNICEF, World Health Organization, United Nations Population Division and the World Bank)",Deaths per 1000 live births,19,
Peru,Total,2011,"UN_Inter-agency Group for Child Mortality Estimation (UNICEF, World Health Organization, United Nations Population Division and the World Bank)",Deaths per 1000 live births,14,
Philippines,Total,2011,"UN_Inter-agency Group for Child Mortality Estimation (UNICEF, World Health Organization, United Nations Population Division and the World Bank)",Deaths per 1000 live births,20,
Poland,Total,2011,"UN_Inter-agency Group for Child Mortality Estimation (UNICEF, World Health Organization, United Nations Population Division and the World Bank)",Deaths per 1000 live births,5,
Portugal,Total,2011,"UN_Inter-agency Group for Child Mortality Estimation (UNICEF, World Health Organization, United Nations Population Division and the World Bank)",Deaths per 1000 live births,3,
Qatar,Total,2011,"UN_Inter-agency Group for Child Mortality Estimation (UNICEF, World Health Organization, United Nations Population Division and the World Bank)",Deaths per 1000 live births,6,
Republic of Korea,Total,2011,"UN_Inter-agency Group for Child Mortality Estimation (UNICEF, World Health Organization, United Nations Population Division and the World Bank)",Deaths per 1000 live births,4,
Republic of Moldova,Total,2011,"UN_Inter-agency Group for Child Mortality Estimation (UNICEF, World Health Organization, United Nations Population Division and the World Bank)",Deaths per 1000 live births,14,
Romania,Total,2011,"UN_Inter-agency Group for Child Mortality Estimation (UNICEF, World Health Organization, United Nations Population Division and the World Bank)",Deaths per 1000 live births,11,
Russian Federation,Total,2011,"UN_Inter-agency Group for Child Mortality Estimation (UNICEF, World Health Organization, United Nations Population Division and the World Bank)",Deaths per 1000 live births,10,
Rwanda,Total,2011,"UN_Inter-agency Group for Child Mortality Estimation (UNICEF, World Health Organization, United Nations Population Division and the World Bank)",Deaths per 1000 live births,38,
Saint Kitts and Nevis,Total,2011,"UN_Inter-agency Group for Child Mortality Estimation (UNICEF, World Health Organization, United Nations Population Division and the World Bank)",Deaths per 1000 live births,6,
Saint Lucia,Total,2011,"UN_Inter-agency Group for Child Mortality Estimation (UNICEF, World Health Organization, United Nations Population Division and the World Bank)",Deaths per 1000 live births,14,
Saint Vincent and the Grenadines,Total,2011,"UN_Inter-agency Group for Child Mortality Estimation (UNICEF, World Health Organization, United Nations Population Division and the World Bank)",Deaths per 1000 live births,20,
Samoa,Total,2011,"UN_Inter-agency Group for Child Mortality Estimation (UNICEF, World Health Organization, United Nations Population Division and the World Bank)",Deaths per 1000 live births,16,
San Marino,Total,2011,"UN_Inter-agency Group for Child Mortality Estimation (UNICEF, World Health Organization, United Nations Population Division and the World Bank)",Deaths per 1000 live births,2,
Sao Tome and Principe,Total,2011,"UN_Inter-agency Group for Child Mortality Estimation (UNICEF, World Health Organization, United Nations Population Division and the World Bank)",Deaths per 1000 live births,58,
Saudi Arabia,Total,2011,"UN_Inter-agency Group for Child Mortality Estimation (UNICEF, World Health Organization, United Nations Population Division and the World Bank)",Deaths per 1000 live births,8,
Senegal,Total,2011,"UN_Inter-agency Group for Child Mortality Estimation (UNICEF, World Health Organization, United Nations Population Division and the World Bank)",Deaths per 1000 live births,47,
Serbia,Total,2011,"UN_Inter-agency Group for Child Mortality Estimation (UNICEF, World Health Organization, United Nations Population Division and the World Bank)",Deaths per 1000 live births,6,
Seychelles,Total,2011,"UN_Inter-agency Group for Child Mortality Estimation (UNICEF, World Health Organization, United Nations Population Division and the World Bank)",Deaths per 1000 live births,12,
Sierra Leone,Total,2011,"UN_Inter-agency Group for Child Mortality Estimation (UNICEF, World Health Organization, United Nations Population Division and the World Bank)",Deaths per 1000 live births,119,
Singapore,Total,2011,"UN_Inter-agency Group for Child Mortality Estimation (UNICEF, World Health Organization, United Nations Population Division and the World Bank)",Deaths per 1000 live births,2,
Slovakia,Total,2011,"UN_Inter-agency Group for Child Mortality Estimation (UNICEF, World Health Organization, United Nations Population Division and the World Bank)",Deaths per 1000 live births,7,
Slovenia,Total,2011,"UN_Inter-agency Group for Child Mortality Estimation (UNICEF, World Health Organization, United Nations Population Division and the World Bank)",Deaths per 1000 live births,2,
Solomon Islands,Total,2011,"UN_Inter-agency Group for Child Mortality Estimation (UNICEF, World Health Organization, United Nations Population Division and the World Bank)",Deaths per 1000 live births,18,
Somalia,Total,2011,"UN_Inter-agency Group for Child Mortality Estimation (UNICEF, World Health Organization, United Nations Population Division and the World Bank)",Deaths per 1000 live births,108,
South Africa,Total,2011,"UN_Inter-agency Group for Child Mortality Estimation (UNICEF, World Health Organization, United Nations Population Division and the World Bank)",Deaths per 1000 live births,35,
South Asia,Total,2011,"UN_Inter-agency Group for Child Mortality Estimation (UNICEF, World Health Organization, United Nations Population Division and the World Bank)",Deaths per 1000 live births,48,1
South Sudan,Total,2011,"UN_Inter-agency Group for Child Mortality Estimation (UNICEF, World Health Organization, United Nations Population Division and the World Bank)",Deaths per 1000 live births,76,2
Spain,Total,2011,"UN_Inter-agency Group for Child Mortality Estimation (UNICEF, World Health Organization, United Nations Population Division and the World Bank)",Deaths per 1000 live births,4,
Sri Lanka,Total,2011,"UN_Inter-agency Group for Child Mortality Estimation (UNICEF, World Health Organization, United Nations Population Division and the World Bank)",Deaths per 1000 live births,11,
State of Palestine,Total,2011,"UN_Inter-agency Group for Child Mortality Estimation (UNICEF, World Health Organization, United Nations Population Division and the World Bank)",Deaths per 1000 live births,20,
Sub-Saharan Africa,Total,2011,"UN_Inter-agency Group for Child Mortality Estimation (UNICEF, World Health Organization, United Nations Population Division and the World Bank)",Deaths per 1000 live births,69,1
Sudan,Total,2011,"UN_Inter-agency Group for Child Mortality Estimation (UNICEF, World Health Organization, United Nations Population Division and the World Bank)",Deaths per 1000 live births,57,2
Suriname,Total,2011,"UN_Inter-agency Group for Child Mortality Estimation (UNICEF, World Health Organization, United Nations Population Division and the World Bank)",Deaths per 1000 live births,26,
Swaziland,Total,2011,"UN_Inter-agency Group for Child Mortality Estimation (UNICEF, World Health Organization, United Nations Population Division and the World Bank)",Deaths per 1000 live births,69,
Sweden,Total,2011,"UN_Inter-agency Group for Child Mortality Estimation (UNICEF, World Health Organization, United Nations Population Division and the World Bank)",Deaths per 1000 live births,2,
Switzerland,Total,2011,"UN_Inter-agency Group for Child Mortality Estimation (UNICEF, World Health Organization, United Nations Population Division and the World Bank)",Deaths per 1000 live births,4,
Syrian Arab Republic,Total,2011,"UN_Inter-agency Group for Child Mortality Estimation (UNICEF, World Health Organization, United Nations Population Division and the World Bank)",Deaths per 1000 live births,13,
Tajikistan,Total,2011,"UN_Inter-agency Group for Child Mortality Estimation (UNICEF, World Health Organization, United Nations Population Division and the World Bank)",Deaths per 1000 live births,53,
Thailand,Total,2011,"UN_Inter-agency Group for Child Mortality Estimation (UNICEF, World Health Organization, United Nations Population Division and the World Bank)",Deaths per 1000 live births,11,
The former Yugoslav Republic of Macedonia,Total,2011,"UN_Inter-agency Group for Child Mortality Estimation (UNICEF, World Health Organization, United Nations Population Division and the World Bank)",Deaths per 1000 live births,9,
Timor-Leste,Total,2011,"UN_Inter-agency Group for Child Mortality Estimation (UNICEF, World Health Organization, United Nations Population Division and the World Bank)",Deaths per 1000 live births,46,
Togo,Total,2011,"UN_Inter-agency Group for Child Mortality Estimation (UNICEF, World Health Organization, United Nations Population Division and the World Bank)",Deaths per 1000 live births,73,
Tonga,Total,2011,"UN_Inter-agency Group for Child Mortality Estimation (UNICEF, World Health Organization, United Nations Population Division and the World Bank)",Deaths per 1000 live births,13,
Trinidad and Tobago,Total,2011,"UN_Inter-agency Group for Child Mortality Estimation (UNICEF, World Health Organization, United Nations Population Division and the World Bank)",Deaths per 1000 live births,25,
Tunisia,Total,2011,"UN_Inter-agency Group for Child Mortality Estimation (UNICEF, World Health Organization, United Nations Population Division and the World Bank)",Deaths per 1000 live births,14,
Turkey,Total,2011,"UN_Inter-agency Group for Child Mortality Estimation (UNICEF, World Health Organization, United Nations Population Division and the World Bank)",Deaths per 1000 live births,12,
Turkmenistan,Total,2011,"UN_Inter-agency Group for Child Mortality Estimation (UNICEF, World Health Organization, United Nations Population Division and the World Bank)",Deaths per 1000 live births,45,
Tuvalu,Total,2011,"UN_Inter-agency Group for Child Mortality Estimation (UNICEF, World Health Organization, United Nations Population Division and the World Bank)",Deaths per 1000 live births,25,
Uganda,Total,2011,"UN_Inter-agency Group for Child Mortality Estimation (UNICEF, World Health Organization, United Nations Population Division and the World Bank)",Deaths per 1000 live births,58,
Ukraine,Total,2011,"UN_Inter-agency Group for Child Mortality Estimation (UNICEF, World Health Organization, United Nations Population Division and the World Bank)",Deaths per 1000 live births,9,
United Arab Emirates,Total,2011,"UN_Inter-agency Group for Child Mortality Estimation (UNICEF, World Health Organization, United Nations Population Division and the World Bank)",Deaths per 1000 live births,6,
United Kingdom,Total,2011,"UN_Inter-agency Group for Child Mortality Estimation (UNICEF, World Health Organization, United Nations Population Division and the World Bank)",Deaths per 1000 live births,4,
United Republic of Tanzania,Total,2011,"UN_Inter-agency Group for Child Mortality Estimation (UNICEF, World Health Organization, United Nations Population Division and the World Bank)",Deaths per 1000 live births,45,
United States,Total,2011,"UN_Inter-agency Group for Child Mortality Estimation (UNICEF, World Health Organization, United Nations Population Division and the World Bank)",Deaths per 1000 live births,6,
Uruguay,Total,2011,"UN_Inter-agency Group for Child Mortality Estimation (UNICEF, World Health Organization, United Nations Population Division and the World Bank)",Deaths per 1000 live births,9,
Uzbekistan,Total,2011,"UN_Inter-agency Group for Child Mortality Estimation (UNICEF, World Health Organization, United Nations Population Division and the World Bank)",Deaths per 1000 live births,42,
Vanuatu,Total,2011,"UN_Inter-agency Group for Child Mortality Estimation (UNICEF, World Health Organization, United Nations Population Division and the World Bank)",Deaths per 1000 live births,11,
Venezuela (Bolivarian Republic of),Total,2011,"UN_Inter-agency Group for Child Mortality Estimation (UNICEF, World Health Organization, United Nations Population Division and the World Bank)",Deaths per 1000 live births,13,
Viet Nam,Total,2011,"UN_Inter-agency Group for Child Mortality Estimation (UNICEF, World Health Organization, United Nations Population Division and the World Bank)",Deaths per 1000 live births,17,
Western and Central Africa,Total,2011,"UN_Inter-agency Group for Child Mortality Estimation (UNICEF, World Health Organization, United Nations Population Division and the World Bank)",Deaths per 1000 live births,83,1
World,Total,2011,"UN_Inter-agency Group for Child Mortality Estimation (UNICEF, World Health Organization, United Nations Population Division and the World Bank)",Deaths per 1000 live births,37,1
Yemen,Total,2011,"UN_Inter-agency Group for Child Mortality Estimation (UNICEF, World Health Organization, United Nations Population Division and the World Bank)",Deaths per 1000 live births,57,
Zambia,Total,2011,"UN_Inter-agency Group for Child Mortality Estimation (UNICEF, World Health Organization, United Nations Population Division and the World Bank)",Deaths per 1000 live births,53,
Zimbabwe,Total,2011,"UN_Inter-agency Group for Child Mortality Estimation (UNICEF, World Health Organization, United Nations Population Division and the World Bank)",Deaths per 1000 live births,43,